LT5CG7283533,restock
LT5CG7271PVC,restock
LT5CG81508XX,restock
LT5CG7191Z26,restock
LT5CG71920D3,restock
LT5CG7246X61,restock
LT5CG7112VP0,restock
LT5CG7271PMY,restock
LT5CG81440ZQ,restock
LT5CG814413H,restock
LT5CG7241BT7,restock
LT5CG71940DS,restock
LT5CG5031M3Z,decommission
LT5CG5011DXK,decommission
LT5CG5042TDF,decommission
LT5CG5042P60,decommission
LT5CG5042V40,decommission
LT5CG5042TT4,decommission
LT5CG5011F3T,decommission
LT5CG5011GGM,decommission
DT2UA3090FLS,decommission
DT2UA3090FFK,decommission
DT2UA3071VY6,decommission
DT2UA3071VYT,decommission
DT2UA4340ZJQ,repair_isc
DT2UA4350FL2,repair_isc
